campaign_id,campaign_name,channel_name,total_spend,customers_acquired,cac,total_revenue,roas,roi,ltv_cac_ratio
CAMP0001,Retargeting Blast 2024,Organic,737291.60,16,46080.73,379874.46,0.515,-0.485,0.219
CAMP0002,Lead Gen Sprint 2024,Display,964136.52,15,64275.77,454345.31,0.471,-0.529,0.106
CAMP0003,New Year Push 2024,Paid Search,1852239.38,14,132302.81,340620.62,0.184,-0.816,0.065
CAMP0004,App Install Push 2023,Paid Search,1099579.48,16,68723.72,343329.76,0.312,-0.688,0.149
CAMP0005,New Year Push 2026,Display,709717.99,14,50694.14,340981.94,0.480,-0.520,0.193
CAMP0006,Lead Gen Sprint 2023,Organic,1434414.48,13,110339.58,422909.92,0.295,-0.705,0.049
CAMP0007,Referral Boost 2023,Paid Search,719276.01,10,71927.60,347830.73,0.484,-0.516,0.227
CAMP0008,Brand Awareness 2023,Organic,2521995.30,10,252199.53,387700.16,0.154,-0.846,0.047
CAMP0009,Holiday Special 2025,Display,1238216.24,17,72836.25,391908.85,0.317,-0.683,0.099
CAMP0010,Webinar Signup 2024,Referral,1076889.55,17,63346.44,408086.28,0.379,-0.621,0.209
CAMP0011,Referral Boost 2025,Referral,777068.31,17,45709.90,388768.14,0.500,-0.500,0.272
CAMP0012,Brand Awareness 2023,Referral,788744.90,8,98593.11,430347.84,0.546,-0.454,0.114
CAMP0013,Lead Gen Sprint 2025,Paid Search,711114.09,16,44444.63,471842.24,0.664,-0.336,0.258
CAMP0014,Flash Discount 2026,Organic,708526.83,14,50609.06,484410.53,0.684,-0.316,0.203
CAMP0015,Referral Boost 2026,Social,1539252.68,14,109946.62,426588.08,0.277,-0.723,0.060
CAMP0016,Summer Sale 2024,Display,763233.09,15,50882.21,375202.82,0.492,-0.508,0.231
CAMP0017,Referral Boost 2025,Social,1177925.27,9,130880.59,425275.34,0.361,-0.639,0.066
CAMP0018,App Install Push 2025,Referral,864984.29,12,72082.02,282205.06,0.326,-0.674,0.183
CAMP0019,Holiday Special 2026,Organic,1220540.48,13,93887.73,369438.92,0.303,-0.697,0.118
CAMP0020,Flash Discount 2023,Paid Search,1157876.59,9,128652.95,466584.49,0.403,-0.597,0.094
CAMP0021,App Install Push 2025,Social,792534.39,12,66044.53,319803.76,0.404,-0.596,0.143
CAMP0022,App Install Push 2025 (v2),Organic,1764974.01,18,98054.11,471358.95,0.267,-0.733,0.079
CAMP0023,Referral Boost 2025,Display,685844.32,22,31174.74,350606.40,0.511,-0.489,0.214
CAMP0024,Product Launch 2023,Display,665263.58,11,60478.51,433218.15,0.651,-0.349,0.112
CAMP0025,Flash Discount 2024,Social,572118.31,18,31784.35,363350.28,0.635,-0.365,0.145
CAMP0026,Summer Sale 2024,Organic,1224683.26,16,76542.70,325170.88,0.266,-0.734,0.179
CAMP0027,Winback Campaign 2023,Affiliate,863899.75,9,95988.86,462075.18,0.535,-0.465,0.032
CAMP0028,Brand Awareness 2023,Referral,845107.78,18,46950.43,450104.51,0.533,-0.467,0.135
CAMP0029,Product Launch 2026,Email,798363.15,10,79836.32,379701.12,0.476,-0.524,0.307
CAMP0030,Referral Boost 2025,Organic,667369.61,16,41710.60,475727.50,0.713,-0.287,0.294
CAMP0031,Holiday Special 2023,Email,770610.33,9,85623.37,345126.86,0.448,-0.552,0.044
CAMP0032,Referral Boost 2023,Paid Search,752681.79,21,35841.99,400984.10,0.533,-0.467,0.351
CAMP0033,Brand Awareness 2023,Social,1039446.36,14,74246.17,445430.57,0.429,-0.571,0.076
CAMP0034,Referral Boost 2025,Referral,1437060.60,14,102647.19,419001.72,0.292,-0.708,0.128
CAMP0035,Flash Discount 2025,Organic,970059.34,16,60628.71,347286.45,0.358,-0.642,0.088
CAMP0036,Referral Boost 2024,Referral,669205.60,17,39365.04,442072.89,0.661,-0.339,0.454
CAMP0037,Product Launch 2024,Referral,1000383.51,14,71455.97,359677.38,0.360,-0.640,0.187
CAMP0038,Product Launch 2025,Referral,672377.56,8,84047.20,443575.97,0.660,-0.340,0.099
CAMP0039,Product Launch 2023,Social,942484.77,13,72498.83,561602.47,0.596,-0.404,0.196
CAMP0040,Brand Awareness 2025,Referral,1970626.83,14,140759.06,393750.15,0.200,-0.800,0.044
CAMP0041,Summer Sale 2024,Referral,677050.25,17,39826.49,443018.81,0.654,-0.346,0.265
CAMP0042,Referral Boost 2023,Organic,879567.97,17,51739.29,343578.37,0.391,-0.609,0.163
CAMP0043,Winback Campaign 2024,Email,1217058.15,16,76066.13,405932.44,0.334,-0.666,0.085
CAMP0044,Summer Sale 2024,Display,932334.82,9,103592.76,478093.66,0.513,-0.487,0.056
CAMP0045,Brand Awareness 2024,Organic,897997.66,11,81636.15,382634.63,0.426,-0.574,0.236
CAMP0046,Product Launch 2026,Email,1782765.89,11,162069.63,370781.43,0.208,-0.792,0.055
CAMP0047,Product Launch 2025,Paid Search,1056734.24,11,96066.75,425624.57,0.403,-0.597,0.067
CAMP0048,Retargeting Blast 2026,Social,970468.80,11,88224.44,339534.58,0.350,-0.650,0.080
CAMP0049,Brand Awareness 2026,Email,676757.20,13,52058.25,450484.99,0.666,-0.334,0.135
CAMP0050,Flash Discount 2024,Social,903847.77,16,56490.49,422152.72,0.467,-0.533,0.073
CAMP0051,Summer Sale 2024,Display,766843.22,20,38342.16,381758.36,0.498,-0.502,0.269
CAMP0052,Flash Discount 2023,Affiliate,783392.51,7,111913.22,462314.00,0.590,-0.410,0.071
CAMP0053,Lead Gen Sprint 2024,Display,1122204.67,10,112220.47,464390.86,0.414,-0.586,0.028
CAMP0054,Brand Awareness 2023 (v2),Organic,806136.01,10,80613.60,400629.20,0.497,-0.503,0.198
CAMP0055,Webinar Signup 2026,Affiliate,759465.25,24,31644.39,390878.60,0.515,-0.485,0.221
CAMP0056,Referral Boost 2023,Referral,897179.37,10,89717.94,419182.50,0.467,-0.533,0.293
CAMP0057,New Year Push 2024,Paid Search,1312524.86,9,145836.10,416892.89,0.318,-0.682,0.065
CAMP0058,Winback Campaign 2025,Display,1095768.55,18,60876.03,361396.36,0.330,-0.670,0.161
CAMP0059,App Install Push 2024,Paid Search,1168672.48,15,77911.50,369086.73,0.316,-0.684,0.099
CAMP0060,Referral Boost 2026,Social,715571.10,24,29815.46,374361.95,0.523,-0.477,0.303
CAMP0061,Flash Discount 2024,Social,2532194.92,18,140677.50,276676.40,0.109,-0.891,0.068
CAMP0062,Flash Discount 2024,Organic,1223688.67,11,111244.42,354135.47,0.289,-0.711,0.144
CAMP0063,Winback Campaign 2025,Email,1062099.03,17,62476.41,419628.21,0.395,-0.605,0.123
CAMP0064,Product Launch 2023,Paid Search,657176.04,16,41073.50,440366.92,0.670,-0.330,0.204
CAMP0065,Retargeting Blast 2023,Social,1357267.52,13,104405.19,358825.40,0.264,-0.736,0.132
CAMP0066,Brand Awareness 2025,Paid Search,1732146.37,16,108259.15,482661.63,0.279,-0.721,0.057
CAMP0067,Flash Discount 2026,Referral,713373.80,19,37545.99,501533.74,0.703,-0.297,0.286
CAMP0068,Retargeting Blast 2026,Email,797795.40,9,88643.93,380377.25,0.477,-0.523,0.149
CAMP0069,Lead Gen Sprint 2025,Referral,1834197.92,9,203799.77,355399.80,0.194,-0.806,0.045
CAMP0070,Product Launch 2025,Affiliate,784551.97,14,56039.43,388323.40,0.495,-0.505,0.102
CAMP0071,Brand Awareness 2024,Display,1686840.86,15,112456.06,545837.71,0.324,-0.676,0.104
CAMP0072,Lead Gen Sprint 2024,Affiliate,749889.01,19,39467.84,406915.34,0.543,-0.457,0.202
CAMP0073,Brand Awareness 2025,Paid Search,539394.44,13,41491.88,484680.34,0.899,-0.101,0.119
CAMP0074,Lead Gen Sprint 2025,Organic,1175889.72,6,195981.62,411653.66,0.350,-0.650,0.033
CAMP0075,Retargeting Blast 2023,Organic,1142081.77,15,76138.78,353023.95,0.309,-0.691,0.161
CAMP0076,Product Launch 2026,Paid Search,650000.30,11,59090.94,450687.06,0.693,-0.307,0.238
CAMP0077,Flash Discount 2025,Email,802081.63,5,160416.33,443280.27,0.553,-0.447,0.049
CAMP0078,Referral Boost 2024,Organic,1631121.00,19,85848.47,466307.01,0.286,-0.714,0.106
CAMP0079,Holiday Special 2024,Email,1366609.32,18,75922.74,312642.38,0.229,-0.771,0.174
CAMP0080,Summer Sale 2023,Paid Search,2454277.37,12,204523.11,338951.06,0.138,-0.862,0.044
CAMP0081,App Install Push 2025,Social,946416.31,14,67601.17,435496.29,0.460,-0.540,0.114
CAMP0082,Product Launch 2024,Social,1321618.32,9,146846.48,441397.25,0.334,-0.666,0.039
CAMP0083,Winback Campaign 2025,Email,1077450.23,10,107745.02,303382.64,0.282,-0.718,0.038
CAMP0084,App Install Push 2023,Referral,641173.18,27,23747.15,390505.59,0.609,-0.391,0.249
CAMP0085,Webinar Signup 2025,Social,696096.02,11,63281.46,407790.97,0.586,-0.414,0.269
CAMP0086,Lead Gen Sprint 2025,Social,578731.70,10,57873.17,459809.46,0.795,-0.205,0.109
CAMP0087,Holiday Special 2023,Organic,1090650.21,14,77903.59,399991.91,0.367,-0.633,0.201
CAMP0088,Lead Gen Sprint 2025,Email,1274944.14,17,74996.71,399137.13,0.313,-0.687,0.206
CAMP0089,New Year Push 2026,Paid Search,1561466.05,13,120112.77,332344.49,0.213,-0.787,0.110
CAMP0090,App Install Push 2024,Affiliate,1161403.31,15,77426.89,400313.50,0.345,-0.655,0.085
CAMP0091,Referral Boost 2023,Affiliate,777676.98,10,77767.70,388018.09,0.499,-0.501,0.045
CAMP0092,Product Launch 2023,Referral,1670683.77,14,119334.56,369783.19,0.221,-0.779,0.069
CAMP0093,Holiday Special 2024,Referral,1398527.85,18,77695.99,305407.46,0.218,-0.782,0.130
CAMP0094,App Install Push 2026,Email,1803345.46,15,120223.03,341959.44,0.190,-0.810,0.081
CAMP0095,Summer Sale 2026,Social,735791.91,10,73579.19,418188.25,0.568,-0.432,0.071
CAMP0096,Lead Gen Sprint 2026,Referral,952731.87,21,45368.18,370990.15,0.389,-0.611,0.150
CAMP0097,App Install Push 2025,Organic,667663.33,18,37092.41,350965.71,0.526,-0.474,0.181
CAMP0098,Webinar Signup 2024,Email,876339.33,14,62595.67,407706.38,0.465,-0.535,0.097
CAMP0099,App Install Push 2025,Referral,522782.21,13,40214.02,423515.16,0.810,-0.190,0.194
CAMP0100,Flash Discount 2024,Email,1280289.71,14,91449.27,364324.21,0.285,-0.715,0.074
CAMP0101,Summer Sale 2025,Social,1213398.51,19,63863.08,497353.79,0.410,-0.590,0.196
CAMP0102,Retargeting Blast 2023,Affiliate,1436155.18,14,102582.51,352552.94,0.245,-0.755,0.094
CAMP0103,Retargeting Blast 2023,Social,1504345.89,14,107453.28,433263.91,0.288,-0.712,0.159
CAMP0104,App Install Push 2024,Email,869821.78,12,72485.15,361797.24,0.416,-0.584,0.095
CAMP0105,Referral Boost 2023,Display,1489871.23,11,135442.84,379589.02,0.255,-0.745,0.099
CAMP0106,New Year Push 2024,Social,1575022.21,15,105001.48,436316.37,0.277,-0.723,0.097
CAMP0107,Winback Campaign 2026,Social,949129.62,18,52729.42,422621.13,0.445,-0.555,0.204
CAMP0108,Referral Boost 2026,Referral,1032338.68,12,86028.22,400074.63,0.388,-0.612,0.101
CAMP0109,Winback Campaign 2024,Paid Search,2066008.43,17,121529.91,386294.85,0.187,-0.813,0.095
CAMP0110,App Install Push 2023,Social,1034695.38,17,60864.43,394938.23,0.382,-0.618,0.270
CAMP0111,Product Launch 2023,Paid Search,1510788.96,23,65686.48,341334.02,0.226,-0.774,0.140
CAMP0112,Referral Boost 2023,Paid Search,867712.48,11,78882.95,354605.99,0.409,-0.591,0.098
CAMP0113,Retargeting Blast 2024,Paid Search,645592.01,12,53799.33,348531.89,0.540,-0.460,0.112
CAMP0114,App Install Push 2023,Organic,958527.34,17,56383.96,439693.00,0.459,-0.541,0.240
CAMP0115,Summer Sale 2023,Email,443116.81,22,20141.67,414810.17,0.936,-0.064,0.620
CAMP0116,Flash Discount 2025,Affiliate,1381953.75,10,138195.38,509209.44,0.368,-0.632,0.058
CAMP0117,Webinar Signup 2023,Social,1056689.97,13,81283.84,438570.07,0.415,-0.585,0.069
CAMP0118,New Year Push 2025,Affiliate,783804.55,16,48987.78,390502.13,0.498,-0.502,0.215
CAMP0119,Product Launch 2026,Affiliate,1548539.84,9,172059.98,435586.63,0.281,-0.719,0.050
CAMP0120,Retargeting Blast 2023,Affiliate,789401.75,15,52626.78,420205.89,0.532,-0.468,0.142
CAMP0121,App Install Push 2026,Referral,709034.74,9,78781.64,295065.43,0.416,-0.584,0.079
CAMP0122,Flash Discount 2024,Affiliate,860894.54,7,122984.93,441170.58,0.512,-0.488,0.073
CAMP0123,Winback Campaign 2023,Email,1051513.34,19,55342.81,392217.84,0.373,-0.627,0.092
CAMP0124,Webinar Signup 2026,Organic,1064945.32,19,56049.75,391922.31,0.368,-0.632,0.362
CAMP0125,Flash Discount 2024,Email,1003313.91,13,77177.99,398836.66,0.398,-0.602,0.086
CAMP0126,Winback Campaign 2023,Referral,509421.90,13,39186.30,471310.44,0.925,-0.075,0.311
CAMP0127,New Year Push 2025,Social,922186.59,14,65870.47,376756.10,0.409,-0.591,0.094
CAMP0128,Flash Discount 2024,Social,696228.53,14,49730.61,509129.46,0.731,-0.269,0.221
CAMP0129,Summer Sale 2023,Affiliate,925239.93,7,132177.13,477645.79,0.516,-0.484,0.153
CAMP0130,Retargeting Blast 2024,Paid Search,1612670.08,11,146606.37,473669.79,0.294,-0.706,0.052
CAMP0131,Summer Sale 2024,Affiliate,2244369.62,11,204033.60,330003.44,0.147,-0.853,0.048
CAMP0132,Summer Sale 2023,Affiliate,774764.18,12,64563.68,328526.91,0.424,-0.576,0.216
CAMP0133,Flash Discount 2024,Affiliate,1513973.33,20,75698.67,311074.88,0.205,-0.795,0.113
CAMP0134,Lead Gen Sprint 2025,Paid Search,1146555.69,20,57327.78,479059.07,0.418,-0.582,0.131
CAMP0135,Referral Boost 2024,Email,772416.48,16,48276.03,314530.55,0.407,-0.593,0.113
CAMP0136,New Year Push 2023,Social,920603.80,11,83691.25,463308.98,0.503,-0.497,0.236
CAMP0137,Retargeting Blast 2023,Email,994007.49,14,71000.54,400747.40,0.403,-0.597,0.133
CAMP0138,Product Launch 2024,Organic,949014.68,16,59313.42,458485.04,0.483,-0.517,0.100
CAMP0139,Brand Awareness 2024,Affiliate,654831.97,11,59530.18,283828.22,0.433,-0.567,0.195
CAMP0140,Retargeting Blast 2025,Affiliate,1071409.19,10,107140.92,379025.38,0.354,-0.646,0.103
CAMP0141,Brand Awareness 2024,Referral,876458.51,6,146076.42,449009.61,0.512,-0.488,0.115
CAMP0142,App Install Push 2025,Display,539877.17,18,29993.18,426944.88,0.791,-0.209,0.645
CAMP0143,Flash Discount 2023,Paid Search,586174.11,17,34480.83,383267.09,0.654,-0.346,0.227
CAMP0144,Brand Awareness 2025,Organic,519744.03,14,37124.57,411361.03,0.791,-0.209,0.181
CAMP0145,Flash Discount 2026,Email,712817.34,12,59401.45,401473.20,0.563,-0.437,0.143
CAMP0146,Brand Awareness 2026,Social,1360604.22,10,136060.42,463617.61,0.341,-0.659,0.154
CAMP0147,Brand Awareness 2025,Paid Search,704991.96,14,50356.57,369186.93,0.524,-0.476,0.282
CAMP0148,Flash Discount 2025,Social,2025146.66,17,119126.27,353861.99,0.175,-0.825,0.095
CAMP0149,Winback Campaign 2025,Paid Search,1045965.87,18,58109.22,425133.57,0.406,-0.594,0.128
CAMP0150,Summer Sale 2025,Display,760306.61,17,44723.92,341418.81,0.449,-0.551,0.227
CAMP0151,Webinar Signup 2024,Email,599005.17,11,54455.02,411371.01,0.687,-0.313,0.122
CAMP0152,New Year Push 2023,Display,874934.27,19,46049.17,346647.66,0.396,-0.604,0.323
CAMP0153,Holiday Special 2023,Paid Search,1583203.20,19,83326.48,453519.94,0.286,-0.714,0.081
CAMP0154,New Year Push 2023,Social,471917.97,13,36301.38,452551.31,0.959,-0.041,0.352
CAMP0155,Product Launch 2024,Affiliate,798833.57,13,61448.74,489954.11,0.613,-0.387,0.179
CAMP0156,Flash Discount 2023,Social,1374499.25,9,152722.14,475526.84,0.346,-0.654,0.046
CAMP0157,Brand Awareness 2024,Organic,1636770.35,12,136397.53,302202.03,0.185,-0.815,0.048
CAMP0158,Retargeting Blast 2023,Referral,887287.00,16,55455.44,447775.23,0.505,-0.495,0.141
CAMP0159,Retargeting Blast 2023,Display,891371.83,10,89137.18,397641.17,0.446,-0.554,0.058
CAMP0160,Flash Discount 2025,Organic,701879.29,16,43867.46,397189.17,0.566,-0.434,0.186
CAMP0161,Winback Campaign 2024,Affiliate,980145.73,17,57655.63,370460.84,0.378,-0.622,0.085
CAMP0162,Holiday Special 2023,Display,789063.14,14,56361.65,399967.65,0.507,-0.493,0.123
CAMP0163,App Install Push 2025,Display,1423944.69,16,88996.54,433085.07,0.304,-0.696,0.093
CAMP0164,Webinar Signup 2024,Display,1313790.16,12,109482.51,471164.05,0.359,-0.641,0.037
CAMP0165,Brand Awareness 2025,Email,747681.59,12,62306.80,483056.24,0.646,-0.354,0.167
CAMP0166,Brand Awareness 2025,Organic,815749.30,10,81574.93,418061.19,0.512,-0.488,0.216
CAMP0167,Retargeting Blast 2023,Paid Search,981920.42,7,140274.35,384633.22,0.392,-0.608,0.054
CAMP0168,Webinar Signup 2025,Display,433764.68,20,21688.23,391342.24,0.902,-0.098,0.315
CAMP0169,Referral Boost 2023,Organic,1449095.73,12,120757.98,491488.30,0.339,-0.661,0.121
CAMP0170,New Year Push 2025,Referral,673476.99,11,61225.18,437430.41,0.650,-0.350,0.163
CAMP0171,Brand Awareness 2024,Email,816202.54,16,51012.66,397295.28,0.487,-0.513,0.351
CAMP0172,Brand Awareness 2025,Email,1002032.29,21,47715.82,440188.78,0.439,-0.561,0.232
CAMP0173,Referral Boost 2025,Social,787286.06,17,46310.94,444968.77,0.565,-0.435,0.208
CAMP0174,Holiday Special 2025,Organic,1462968.68,17,86056.98,367645.18,0.251,-0.749,0.045
CAMP0175,App Install Push 2023,Email,1285639.13,9,142848.79,364928.18,0.284,-0.716,0.018
CAMP0176,App Install Push 2023,Referral,833319.53,16,52082.47,404801.96,0.486,-0.514,0.238
CAMP0177,Lead Gen Sprint 2023,Email,715481.53,12,59623.46,443298.07,0.620,-0.380,0.148
CAMP0178,App Install Push 2024,Display,940958.19,13,72381.40,366831.83,0.390,-0.610,0.064
CAMP0179,New Year Push 2023,Social,849344.20,15,56622.95,407674.79,0.480,-0.520,0.103
CAMP0180,Referral Boost 2024,Paid Search,1502075.03,11,136552.28,473285.11,0.315,-0.685,0.163
CAMP0181,New Year Push 2025,Email,1191313.58,14,85093.83,364483.43,0.306,-0.694,0.123
CAMP0182,Flash Discount 2026,Email,531721.86,11,48338.35,403751.62,0.759,-0.241,0.320
CAMP0183,Brand Awareness 2025,Social,700482.89,13,53883.30,381065.82,0.544,-0.456,0.174
CAMP0184,Winback Campaign 2024,Organic,570046.90,17,33532.17,468977.82,0.823,-0.177,0.341
CAMP0185,Lead Gen Sprint 2025,Affiliate,1545150.37,20,77257.52,451246.84,0.292,-0.708,0.118
CAMP0186,Webinar Signup 2026,Organic,1251824.05,13,96294.16,428907.34,0.343,-0.657,0.066
CAMP0187,Lead Gen Sprint 2024,Referral,912966.50,14,65211.89,396171.28,0.434,-0.566,0.196
CAMP0188,Webinar Signup 2025,Display,1425034.98,15,95002.33,351049.30,0.246,-0.754,0.105
CAMP0189,App Install Push 2024,Organic,531385.09,16,33211.57,498453.10,0.938,-0.062,0.335
CAMP0190,Webinar Signup 2024,Email,1124223.13,18,62456.84,421628.24,0.375,-0.625,0.167
CAMP0191,New Year Push 2024,Display,630479.66,13,48498.44,507493.53,0.805,-0.195,0.217
CAMP0192,Flash Discount 2023,Referral,709623.24,13,54586.40,389983.78,0.550,-0.450,0.235
CAMP0193,Retargeting Blast 2023,Paid Search,1160535.32,18,64474.18,356964.05,0.308,-0.692,0.150
CAMP0194,New Year Push 2024,Display,1283068.09,8,160383.51,360958.31,0.281,-0.719,0.081
CAMP0195,Winback Campaign 2025,Affiliate,899380.80,15,59958.72,402388.50,0.447,-0.553,0.118
CAMP0196,Webinar Signup 2025,Organic,1046178.91,22,47553.59,439101.77,0.420,-0.580,0.245
CAMP0197,Holiday Special 2025,Organic,1549879.79,10,154987.98,391541.92,0.253,-0.747,0.098
CAMP0198,App Install Push 2023,Display,1122376.72,13,86336.67,343346.38,0.306,-0.694,0.075
CAMP0199,Webinar Signup 2025,Affiliate,1383952.19,12,115329.35,366219.67,0.265,-0.735,0.048
CAMP0200,Lead Gen Sprint 2025,Affiliate,565572.60,8,70696.58,416511.38,0.736,-0.264,0.062
CAMP0201,New Year Push 2026,Display,1062017.81,17,62471.64,444046.83,0.418,-0.582,0.082
CAMP0202,Referral Boost 2024,Paid Search,831841.66,8,103980.21,465173.21,0.559,-0.441,0.140
CAMP0203,Referral Boost 2023,Paid Search,1179145.13,16,73696.57,392366.08,0.333,-0.667,0.084
CAMP0204,Holiday Special 2026,Email,613956.54,18,34108.70,368963.42,0.601,-0.399,0.322
CAMP0205,Retargeting Blast 2023,Social,863512.76,11,78501.16,537796.97,0.623,-0.377,0.039
CAMP0206,Referral Boost 2023,Paid Search,552140.86,10,55214.09,504563.76,0.914,-0.086,0.118
CAMP0207,Product Launch 2025,Affiliate,2825156.93,8,353144.62,343053.69,0.121,-0.879,0.010
CAMP0208,Referral Boost 2025,Paid Search,945266.47,14,67519.03,390142.79,0.413,-0.587,0.163
CAMP0209,App Install Push 2026,Organic,625227.88,13,48094.45,389735.81,0.623,-0.377,0.085
CAMP0210,Holiday Special 2026,Paid Search,833364.39,12,69447.03,466872.92,0.560,-0.440,0.157
CAMP0211,Summer Sale 2026,Organic,626455.47,15,41763.70,398870.77,0.637,-0.363,0.145
CAMP0212,Flash Discount 2025,Paid Search,575130.23,15,38342.02,369254.23,0.642,-0.358,0.199
CAMP0213,Winback Campaign 2026,Social,1172740.96,14,83767.21,361199.69,0.308,-0.692,0.088
CAMP0214,New Year Push 2025,Display,1400604.95,18,77811.39,365480.29,0.261,-0.739,0.166
CAMP0215,Lead Gen Sprint 2025 (v2),Organic,813089.18,9,90343.24,408732.01,0.503,-0.497,0.183
CAMP0216,Winback Campaign 2025,Paid Search,808930.40,17,47584.14,462064.91,0.571,-0.429,0.259
CAMP0217,Lead Gen Sprint 2024,Social,888812.12,14,63486.58,379526.75,0.427,-0.573,0.246
CAMP0218,Retargeting Blast 2025,Referral,1569049.15,15,104603.28,399587.46,0.255,-0.745,0.104
CAMP0219,Referral Boost 2023,Display,1120311.08,15,74687.41,393795.96,0.352,-0.648,0.115
CAMP0220,Holiday Special 2024,Organic,1869836.44,10,186983.64,345630.05,0.185,-0.815,0.036
