cohort_month,cohort_size,m1_retention_pct,m2_retention_pct,m3_retention_pct,m4_retention_pct
2023-01,222,23.0,20.7,24.8,28.8
2023-02,196,25.5,22.4,26.0,24.0
2023-03,220,22.7,24.5,21.8,21.4
2023-04,190,19.5,29.5,23.2,28.9
2023-05,246,27.2,23.6,27.6,19.1
2023-06,233,21.0,24.0,27.0,26.6
2023-07,217,24.4,23.5,27.6,24.9
2023-08,220,24.5,28.2,18.2,25.5
2023-09,233,23.2,24.9,28.8,25.3
2023-10,231,25.1,23.8,26.8,24.2
2023-11,238,23.5,33.6,20.2,23.1
2023-12,251,25.1,22.7,21.9,26.3
2024-01,235,21.7,25.5,28.5,29.8
2024-02,203,28.1,23.2,23.6,23.6
2024-03,243,23.0,28.0,25.1,24.7
2024-04,205,25.4,26.3,23.4,26.3
2024-05,224,25.9,25.9,21.9,29.5
2024-06,199,23.1,26.1,27.6,26.1
2024-07,229,26.6,25.3,31.4,23.1
2024-08,221,23.1,24.0,26.7,26.2
2024-09,218,25.7,23.4,26.6,26.6
2024-10,239,23.8,20.1,25.5,22.2
2024-11,219,24.2,24.2,27.4,29.7
2024-12,227,27.3,22.0,22.5,20.7
2025-01,245,19.2,27.3,25.7,26.9
2025-02,206,19.4,24.3,23.8,24.3
2025-03,243,24.3,24.3,21.4,31.3
2025-04,227,22.9,23.3,23.3,23.8
2025-05,210,25.7,23.8,27.1,23.8
2025-06,227,22.5,23.3,27.8,24.2
2025-07,218,28.4,28.9,23.4,24.8
2025-08,253,23.7,20.2,28.1,24.9
2025-09,220,23.2,30.9,18.2,29.1
2025-10,215,26.5,27.9,30.2,15.3
2025-11,223,22.0,28.7,30.9,28.7
2025-12,219,21.5,20.1,22.4,23.7
2026-01,216,23.6,25.9,25.5,26.4
2026-02,212,23.1,23.6,27.8,24.5
2026-03,217,23.5,24.9,23.0,14.7
2026-04,217,27.2,24.0,15.2,0.5
2026-05,209,31.1,12.9,0.0,0.0
2026-06,191,14.1,0.0,0.0,0.0
2026-07,238,0.0,0.0,0.0,0.0
2026-08,6,0.0,0.0,0.0,0.0
