month,total_spend,total_revenue,roas
2023-01,377345.10,2380197.80,6.308
2023-02,1721493.62,2115095.27,1.229
2023-03,3791905.94,2251954.84,0.594
2023-04,4261061.46,2210980.07,0.519
2023-05,4472739.10,2152823.88,0.481
2023-06,7291106.86,2458945.01,0.337
2023-07,6882799.44,2184602.10,0.317
2023-08,5418396.94,2121905.62,0.392
2023-09,4063118.85,2245667.38,0.553
2023-10,4306010.13,2198274.46,0.511
2023-11,3471838.40,2328364.60,0.671
2023-12,5370433.52,2365279.58,0.440
2024-01,7238488.74,2125195.90,0.294
2024-02,9968574.03,2100706.06,0.211
2024-03,7151684.49,2258748.58,0.316
2024-04,7507971.66,2299162.52,0.306
2024-05,5803741.96,2064644.71,0.356
2024-06,7003231.19,1912785.90,0.273
2024-07,7002177.62,2344895.08,0.335
2024-08,4878007.43,2242657.49,0.460
2024-09,5376162.90,2129069.13,0.396
2024-10,6358245.22,2319078.53,0.365
2024-11,5258404.16,2440263.35,0.464
2024-12,5394071.84,2266462.08,0.420
2025-01,4900111.84,2411175.97,0.492
2025-02,2570423.53,2059950.57,0.801
2025-03,1115112.22,2251200.49,2.019
2025-04,3853570.04,2109767.41,0.547
2025-05,3987149.94,2478643.97,0.622
2025-06,5106136.58,2221944.38,0.435
2025-07,7672274.28,2207918.13,0.288
2025-08,6042627.73,2189113.04,0.362
2025-09,5339578.43,2156680.28,0.404
2025-10,4669812.55,2243563.81,0.480
2025-11,4252088.53,2190122.89,0.515
2025-12,4403367.91,2203930.58,0.501
2026-01,4374955.74,2167755.72,0.495
2026-02,5770121.92,1996968.72,0.346
2026-03,9123020.01,2056466.40,0.225
2026-04,8100405.24,2145407.20,0.265
2026-05,5110640.07,2478220.60,0.485
2026-06,3755704.55,1999029.78,0.532
2026-07,390884.79,2160709.00,5.528
